<?xml version="1.0" encoding="UTF-8"?>
<metadata xml:lang="de"><Esri><CreaDate>20230323</CreaDate><CreaTime>16444600</CreaTime><ArcGISFormat>1.0</ArcGISFormat><SyncOnce>FALSE</SyncOnce><DataProperties><itemProps><itemName Sync="TRUE">LondonWards</itemName><imsContentType Sync="TRUE">002</imsContentType><itemSize Sync="TRUE">0.000</itemSize><itemLocation><linkage Sync="TRUE">file://\\ZGIS23299\C$\Users\b1045498\Downloads\LondonWards.shp</linkage><protocol Sync="TRUE">Local Area Network</protocol></itemLocation></itemProps><coordRef><type Sync="TRUE">Projected</type><geogcsn Sync="TRUE">GCS_OSGB_1936</geogcsn><csUnits Sync="TRUE">Linear Unit: Meter (1.000000)</csUnits><projcsn Sync="TRUE">British_National_Grid</projcsn><peXml Sync="TRUE">&lt;ProjectedCoordinateSystem xsi:type='typens:ProjectedCoordinateSystem' xmlns:xsi='http://www.w3.org/2001/XMLSchema-instance' xmlns:xs='http://www.w3.org/2001/XMLSchema' xmlns:typens='http://www.esri.com/schemas/ArcGIS/3.0.0'&gt;&lt;WKT&gt;PROJCS[&amp;quot;British_National_Grid&amp;quot;,GEOGCS[&amp;quot;GCS_OSGB_1936&amp;quot;,DATUM[&amp;quot;D_OSGB_1936&amp;quot;,SPHEROID[&amp;quot;Airy_1830&amp;quot;,6377563.396,299.3249646]],PRIMEM[&amp;quot;Greenwich&amp;quot;,0.0],UNIT[&amp;quot;Degree&amp;quot;,0.0174532925199433]],PROJECTION[&amp;quot;Transverse_Mercator&amp;quot;],PARAMETER[&amp;quot;False_Easting&amp;quot;,400000.0],PARAMETER[&amp;quot;False_Northing&amp;quot;,-100000.0],PARAMETER[&amp;quot;Central_Meridian&amp;quot;,-2.0],PARAMETER[&amp;quot;Scale_Factor&amp;quot;,0.9996012717],PARAMETER[&amp;quot;Latitude_Of_Origin&amp;quot;,49.0],UNIT[&amp;quot;Meter&amp;quot;,1.0],AUTHORITY[&amp;quot;EPSG&amp;quot;,27700]]&lt;/WKT&gt;&lt;XOrigin&gt;-5220400&lt;/XOrigin&gt;&lt;YOrigin&gt;-15524400&lt;/YOrigin&gt;&lt;XYScale&gt;450481592.76709664&lt;/XYScale&gt;&lt;ZOrigin&gt;-100000&lt;/ZOrigin&gt;&lt;ZScale&gt;10000&lt;/ZScale&gt;&lt;MOrigin&gt;-100000&lt;/MOrigin&gt;&lt;MScale&gt;10000&lt;/MScale&gt;&lt;XYTolerance&gt;0.001&lt;/XYTolerance&gt;&lt;ZTolerance&gt;0.001&lt;/ZTolerance&gt;&lt;MTolerance&gt;0.001&lt;/MTolerance&gt;&lt;HighPrecision&gt;true&lt;/HighPrecision&gt;&lt;WKID&gt;27700&lt;/WKID&gt;&lt;LatestWKID&gt;27700&lt;/LatestWKID&gt;&lt;/ProjectedCoordinateSystem&gt;</peXml></coordRef><lineage><Process ToolSource="c:\program files\arcgis\pro\Resources\ArcToolbox\toolboxes\Conversion Tools.tbx\ExportFeatures" Date="20230323" Time="164446">ExportFeatures my_shapefile C:\Users\b1045498\Downloads\LondonWards.shp # NOT_USE_ALIAS "NAME "NAME" true true false 80 Text 0 0,First,#,my_shapefile,NAME,0,80;GSS_C "GSS_C" true true false 80 Text 0 0,First,#,my_shapefile,GSS_C,0,80;HECTA "HECTA" true true false 24 Double 15 23,First,#,my_shapefile,HECTA,-1,-1;NONLD "NONLD" true true false 24 Double 15 23,First,#,my_shapefile,NONLD,-1,-1;LB_GS "LB_GS" true true false 80 Text 0 0,First,#,my_shapefile,LB_GS,0,80;BOROU "BOROU" true true false 80 Text 0 0,First,#,my_shapefile,BOROU,0,80;POLY_ "POLY_" true true false 24 Double 15 23,First,#,my_shapefile,POLY_,-1,-1;Wrdnm "Wrdnm" true true false 80 Text 0 0,First,#,my_shapefile,Wrdnm,0,80;Oldcd "Oldcd" true true false 80 Text 0 0,First,#,my_shapefile,Oldcd,0,80;P-201 "P-201" true true false 24 Double 15 23,First,#,my_shapefile,P-201,-1,-1;C0-1- "C0-1-" true true false 24 Double 15 23,First,#,my_shapefile,C0-1-,-1,-1;W-(16 "W-(16" true true false 24 Double 15 23,First,#,my_shapefile,W-(16,-1,-1;O65-2 "O65-2" true true false 24 Double 15 23,First,#,my_shapefile,O65-2,-1,-1;%AC0- "%AC0-" true true false 24 Double 15 23,First,#,my_shapefile,%AC0-,-1,-1;%AW-( "%AW-(" true true false 24 Double 15 23,First,#,my_shapefile,%AW-(,-1,-1;%AO6- "%AO6-" true true false 24 Double 15 23,First,#,my_shapefile,%AO6-,-1,-1;MnA-2013 "MnA-2013" true true false 24 Double 15 23,First,#,my_shapefile,MnA-2013,-1,-1;MdA-2013 "MdA-2013" true true false 24 Double 15 23,First,#,my_shapefile,MdA-2013,-1,-1;Ar-SK "Ar-SK" true true false 24 Double 15 23,First,#,my_shapefile,Ar-SK,-1,-1;Pd(-2 "Pd(-2" true true false 24 Double 15 23,First,#,my_shapefile,Pd(-2,-1,-1;%BAME "%BAME" true true false 24 Double 15 23,First,#,my_shapefile,%BAME,-1,-1;%NBU- "%NBU-" true true false 24 Double 15 23,First,#,my_shapefile,%NBU-,-1,-1;%EFL- "%EFL-" true true false 24 Double 15 23,First,#,my_shapefile,%EFL-,-1,-1;GFR-2 "GFR-2" true true false 24 Double 15 23,First,#,my_shapefile,GFR-2,-1,-1;M-200 "M-200" true true false 24 Double 15 23,First,#,my_shapefile,M-200,-1,-1;F-200 "F-200" true true false 24 Double 15 23,First,#,my_shapefile,F-200,-1,-1;%c-22 "%c-22" true true false 24 Double 15 23,First,#,my_shapefile,%c-22,-1,-1;%c622 "%c622" true true false 24 Double 15 23,First,#,my_shapefile,%c622,-1,-1;RAAI1 "RAAI1" true true false 24 Double 15 23,First,#,my_shapefile,RAAI1,-1,-1;Rcf-2 "Rcf-2" true true false 24 Double 15 23,First,#,my_shapefile,Rcf-2,-1,-1;NKSI- "NKSI-" true true false 24 Double 15 23,First,#,my_shapefile,NKSI-,-1,-1;I(16- "I(16-" true true false 24 Double 15 23,First,#,my_shapefile,I(16-,-1,-1;E(16- "E(16-" true true false 24 Double 15 23,First,#,my_shapefile,E(16-,-1,-1;Noj-2 "Noj-2" true true false 24 Double 15 23,First,#,my_shapefile,Noj-2,-1,-1;EpW-2 "EpW-2" true true false 24 Double 15 23,First,#,my_shapefile,EpW-2,-1,-1;Rnr-2 "Rnr-2" true true false 24 Double 15 23,First,#,my_shapefile,Rnr-2,-1,-1;MHP(£ "MHP(£" true true false 24 Double 15 23,First,#,my_shapefile,MHP(£,-1,-1;Np-20 "Np-20" true true false 24 Double 15 23,First,#,my_shapefile,Np-20,-1,-1;MH(20 "MH(20" true true false 24 Double 15 23,First,#,my_shapefile,MH(20,-1,-1;NH-20 "NH-20" true true false 24 Double 15 23,First,#,my_shapefile,NH-20,-1,-1;%d-201 "%d-201" true true false 24 Double 15 23,First,#,my_shapefile,%d-201,-1,-1;%--20 "%--20" true true false 24 Double 15 23,First,#,my_shapefile,%--20,-1,-1;%t-201 "%t-201" true true false 24 Double 15 23,First,#,my_shapefile,%t-201,-1,-1;%Fm-2 "%Fm-2" true true false 24 Double 15 23,First,#,my_shapefile,%Fm-2,-1,-1;%HO-2 "%HO-2" true true false 24 Double 15 23,First,#,my_shapefile,%HO-2,-1,-1;%HSR- "%HSR-" true true false 24 Double 15 23,First,#,my_shapefile,%HSR-,-1,-1;%HPR- "%HPR-" true true false 24 Double 15 23,First,#,my_shapefile,%HPR-,-1,-1;%AB-2 "%AB-2" true true false 24 Double 15 23,First,#,my_shapefile,%AB-2,-1,-1;%CDE- "%CDE-" true true false 24 Double 15 23,First,#,my_shapefile,%CDE-,-1,-1;%FGH- "%FGH-" true true false 24 Double 15 23,First,#,my_shapefile,%FGH-,-1,-1;Crk(( "Crk((" true true false 24 Double 15 23,First,#,my_shapefile,Crk((,-1,-1;CRHB( "CRHB(" true true false 24 Double 15 23,First,#,my_shapefile,CRHB(,-1,-1;CRESA "CRESA" true true false 24 Double 15 23,First,#,my_shapefile,CRESA,-1,-1;RJA(C "RJA(C" true true false 24 Double 15 23,First,#,my_shapefile,RJA(C,-1,-1;%d(-2 "%d(-2" true true false 24 Double 15 23,First,#,my_shapefile,%d(-2,-1,-1;%hw-2 "%hw-2" true true false 24 Double 15 23,First,#,my_shapefile,%hw-2,-1,-1;%lp-2 "%lp-2" true true false 24 Double 15 23,First,#,my_shapefile,%lp-2,-1,-1;(-R(L "(-R(L" true true false 24 Double 15 23,First,#,my_shapefile,(-R(L,-1,-1;(%L5- "(%L5-" true true false 24 Double 15 23,First,#,my_shapefile,(%L5-,-1,-1;AGc-2 "AGc-2" true true false 24 Double 15 23,First,#,my_shapefile,AGc-2,-1,-1;UAAS( "UAAS(" true true false 24 Double 15 23,First,#,my_shapefile,UAAS(,-1,-1;%w-20 "%w-20" true true false 24 Double 15 23,First,#,my_shapefile,%w-20,-1,-1;%L4-2 "%L4-2" true true false 24 Double 15 23,First,#,my_shapefile,%L4-2,-1,-1;AAPSPS "AAPSPS" true true false 24 Double 15 23,First,#,my_shapefile,AAPSPS,-1,-1;AAPSPE "AAPSPE" true true false 24 Double 15 23,First,#,my_shapefile,AAPSPE,-1,-1;C-2014 "C-2014" true true false 24 Double 15 23,First,#,my_shapefile,C-2014,-1,-1;Vtp-2 "Vtp-2" true true false 24 Double 15 23,First,#,my_shapefile,Vtp-2,-1,-1;DF1-2 "DF1-2" true true false 24 Double 15 23,First,#,my_shapefile,DF1-2,-1,-1;%ts-2 "%ts-2" true true false 24 Double 15 23,First,#,my_shapefile,%ts-2,-1,-1;Cp-201 "Cp-201" true true false 24 Double 15 23,First,#,my_shapefile,Cp-201,-1,-1;APTA- "APTA-" true true false 24 Double 15 23,First,#,my_shapefile,APTA-,-1,-1;%tb-2 "%tb-2" true true false 24 Double 15 23,First,#,my_shapefile,%tb-2,-1,-1;TM-20 "TM-20" true true false 24 Double 15 23,First,#,my_shapefile,TM-20,-1,-1" #</Process></lineage></DataProperties><SyncDate>20230323</SyncDate><SyncTime>16444600</SyncTime><ModDate>20230323</ModDate><ModTime>16444600</ModTime></Esri><dataIdInfo><envirDesc Sync="TRUE">Microsoft Windows 10 Version 10.0 (Build 19044) ; Esri ArcGIS 13.0.4.36057</envirDesc><dataLang><languageCode value="deu" Sync="TRUE"></languageCode><countryCode value="AUT" Sync="TRUE"></countryCode></dataLang><idCitation><resTitle Sync="TRUE">LondonWards</resTitle><presForm><PresFormCd value="005" Sync="TRUE"></PresFormCd></presForm></idCitation><spatRpType><SpatRepTypCd value="001" Sync="TRUE"></SpatRepTypCd></spatRpType></dataIdInfo><mdLang><languageCode value="deu" Sync="TRUE"></languageCode><countryCode value="AUT" Sync="TRUE"></countryCode></mdLang><mdChar><CharSetCd value="004" Sync="TRUE"></CharSetCd></mdChar><distInfo><distFormat><formatName Sync="TRUE">Shapefile</formatName></distFormat><distTranOps><transSize Sync="TRUE">0.000</transSize></distTranOps></distInfo><mdHrLv><ScopeCd value="005" Sync="TRUE"></ScopeCd></mdHrLv><mdHrLvName Sync="TRUE">dataset</mdHrLvName><refSysInfo><RefSystem><refSysID><identCode code="27700" Sync="TRUE"></identCode><idCodeSpace Sync="TRUE">EPSG</idCodeSpace><idVersion Sync="TRUE">6.3(3.0.1)</idVersion></refSysID></RefSystem></refSysInfo><spatRepInfo><VectSpatRep><geometObjs Name="LondonWards"><geoObjTyp><GeoObjTypCd value="002" Sync="TRUE"></GeoObjTypCd></geoObjTyp><geoObjCnt Sync="TRUE">0</geoObjCnt></geometObjs><topLvl><TopoLevCd value="001" Sync="TRUE"></TopoLevCd></topLvl></VectSpatRep></spatRepInfo><spdoinfo><ptvctinf><esriterm Name="LondonWards"><efeatyp Sync="TRUE">Simple</efeatyp><efeageom code="4" Sync="TRUE"></efeageom><esritopo Sync="TRUE">FALSE</esritopo><efeacnt Sync="TRUE">0</efeacnt><spindex Sync="TRUE">FALSE</spindex><linrefer Sync="TRUE">FALSE</linrefer></esriterm></ptvctinf></spdoinfo><eainfo><detailed Name="LondonWards"><enttyp><enttypl Sync="TRUE">LondonWards</enttypl><enttypt Sync="TRUE">Feature Class</enttypt><enttypc Sync="TRUE">0</enttypc></enttyp><attr><attrlabl Sync="TRUE">FID</attrlabl><attalias Sync="TRUE">FID</attalias><attrtype Sync="TRUE">OID</attrtype><attwidth Sync="TRUE">4</attwidth><atprecis Sync="TRUE">0</atprecis><attscale Sync="TRUE">0</attscale><attrdef Sync="TRUE">Internal feature number.</attrdef><attrdefs Sync="TRUE">Esri</attrdefs><attrdomv><udom Sync="TRUE">Sequential unique whole numbers that are automatically generated.</udom></attrdomv></attr><attr><attrlabl Sync="TRUE">Shape</attrlabl><attalias Sync="TRUE">Shape</attalias><attrtype Sync="TRUE">Geometry</attrtype><attwidth Sync="TRUE">0</attwidth><atprecis Sync="TRUE">0</atprecis><attscale Sync="TRUE">0</attscale><attrdef Sync="TRUE">Feature geometry.</attrdef><attrdefs Sync="TRUE">Esri</attrdefs><attrdomv><udom Sync="TRUE">Coordinates defining the features.</udom></attrdomv></attr><attr><attrlabl Sync="TRUE">NAME</attrlabl><attalias Sync="TRUE">NAME</attalias><attrtype Sync="TRUE">String</attrtype><attwidth Sync="TRUE">80</attwidth><atprecis Sync="TRUE">0</atprecis><attscale Sync="TRUE">0</attscale></attr><attr><attrlabl Sync="TRUE">GSS_C</attrlabl><attalias Sync="TRUE">GSS_C</attalias><attrtype Sync="TRUE">String</attrtype><attwidth Sync="TRUE">80</attwidth><atprecis Sync="TRUE">0</atprecis><attscale Sync="TRUE">0</attscale></attr><attr><attrlabl Sync="TRUE">HECTA</attrlabl><attalias Sync="TRUE">HECTA</attalias><attrtype Sync="TRUE">Double</attrtype><attwidth Sync="TRUE">19</attwidth><atprecis Sync="TRUE">18</atprecis><attscale Sync="TRUE">15</attscale></attr><attr><attrlabl Sync="TRUE">NONLD</attrlabl><attalias Sync="TRUE">NONLD</attalias><attrtype Sync="TRUE">Double</attrtype><attwidth Sync="TRUE">19</attwidth><atprecis Sync="TRUE">18</atprecis><attscale Sync="TRUE">15</attscale></attr><attr><attrlabl Sync="TRUE">LB_GS</attrlabl><attalias Sync="TRUE">LB_GS</attalias><attrtype Sync="TRUE">String</attrtype><attwidth Sync="TRUE">80</attwidth><atprecis Sync="TRUE">0</atprecis><attscale Sync="TRUE">0</attscale></attr><attr><attrlabl Sync="TRUE">BOROU</attrlabl><attalias Sync="TRUE">BOROU</attalias><attrtype Sync="TRUE">String</attrtype><attwidth Sync="TRUE">80</attwidth><atprecis Sync="TRUE">0</atprecis><attscale Sync="TRUE">0</attscale></attr><attr><attrlabl Sync="TRUE">POLY_</attrlabl><attalias Sync="TRUE">POLY_</attalias><attrtype Sync="TRUE">Double</attrtype><attwidth Sync="TRUE">19</attwidth><atprecis Sync="TRUE">18</atprecis><attscale Sync="TRUE">15</attscale></attr><attr><attrlabl Sync="TRUE">Wrdnm</attrlabl><attalias Sync="TRUE">Wrdnm</attalias><attrtype Sync="TRUE">String</attrtype><attwidth Sync="TRUE">80</attwidth><atprecis Sync="TRUE">0</atprecis><attscale Sync="TRUE">0</attscale></attr><attr><attrlabl Sync="TRUE">Oldcd</attrlabl><attalias Sync="TRUE">Oldcd</attalias><attrtype Sync="TRUE">String</attrtype><attwidth Sync="TRUE">80</attwidth><atprecis Sync="TRUE">0</atprecis><attscale Sync="TRUE">0</attscale></attr><attr><attrlabl Sync="TRUE">P_201</attrlabl><attalias Sync="TRUE">P_201</attalias><attrtype Sync="TRUE">Double</attrtype><attwidth Sync="TRUE">19</attwidth><atprecis Sync="TRUE">18</atprecis><attscale Sync="TRUE">15</attscale></attr><attr><attrlabl Sync="TRUE">C0_1_</attrlabl><attalias Sync="TRUE">C0_1_</attalias><attrtype Sync="TRUE">Double</attrtype><attwidth Sync="TRUE">19</attwidth><atprecis Sync="TRUE">18</atprecis><attscale Sync="TRUE">15</attscale></attr><attr><attrlabl Sync="TRUE">W__16</attrlabl><attalias Sync="TRUE">W__16</attalias><attrtype Sync="TRUE">Double</attrtype><attwidth Sync="TRUE">19</attwidth><atprecis Sync="TRUE">18</atprecis><attscale Sync="TRUE">15</attscale></attr><attr><attrlabl Sync="TRUE">O65_2</attrlabl><attalias Sync="TRUE">O65_2</attalias><attrtype Sync="TRUE">Double</attrtype><attwidth Sync="TRUE">19</attwidth><atprecis Sync="TRUE">18</atprecis><attscale Sync="TRUE">15</attscale></attr><attr><attrlabl Sync="TRUE">_AC0_</attrlabl><attalias Sync="TRUE">_AC0_</attalias><attrtype Sync="TRUE">Double</attrtype><attwidth Sync="TRUE">19</attwidth><atprecis Sync="TRUE">18</atprecis><attscale Sync="TRUE">15</attscale></attr><attr><attrlabl Sync="TRUE">_AW__</attrlabl><attalias Sync="TRUE">_AW__</attalias><attrtype Sync="TRUE">Double</attrtype><attwidth Sync="TRUE">19</attwidth><atprecis Sync="TRUE">18</atprecis><attscale Sync="TRUE">15</attscale></attr><attr><attrlabl Sync="TRUE">_AO6_</attrlabl><attalias Sync="TRUE">_AO6_</attalias><attrtype Sync="TRUE">Double</attrtype><attwidth Sync="TRUE">19</attwidth><atprecis Sync="TRUE">18</atprecis><attscale Sync="TRUE">15</attscale></attr><attr><attrlabl Sync="TRUE">MnA_2013</attrlabl><attalias Sync="TRUE">MnA_2013</attalias><attrtype Sync="TRUE">Double</attrtype><attwidth Sync="TRUE">19</attwidth><atprecis Sync="TRUE">18</atprecis><attscale Sync="TRUE">15</attscale></attr><attr><attrlabl Sync="TRUE">MdA_2013</attrlabl><attalias Sync="TRUE">MdA_2013</attalias><attrtype Sync="TRUE">Double</attrtype><attwidth Sync="TRUE">19</attwidth><atprecis Sync="TRUE">18</atprecis><attscale Sync="TRUE">15</attscale></attr><attr><attrlabl Sync="TRUE">Ar_SK</attrlabl><attalias Sync="TRUE">Ar_SK</attalias><attrtype Sync="TRUE">Double</attrtype><attwidth Sync="TRUE">19</attwidth><atprecis Sync="TRUE">18</atprecis><attscale Sync="TRUE">15</attscale></attr><attr><attrlabl Sync="TRUE">Pd__2</attrlabl><attalias Sync="TRUE">Pd__2</attalias><attrtype Sync="TRUE">Double</attrtype><attwidth Sync="TRUE">19</attwidth><atprecis Sync="TRUE">18</atprecis><attscale Sync="TRUE">15</attscale></attr><attr><attrlabl Sync="TRUE">_BAME</attrlabl><attalias Sync="TRUE">_BAME</attalias><attrtype Sync="TRUE">Double</attrtype><attwidth Sync="TRUE">19</attwidth><atprecis Sync="TRUE">18</atprecis><attscale Sync="TRUE">15</attscale></attr><attr><attrlabl Sync="TRUE">_NBU_</attrlabl><attalias Sync="TRUE">_NBU_</attalias><attrtype Sync="TRUE">Double</attrtype><attwidth Sync="TRUE">19</attwidth><atprecis Sync="TRUE">18</atprecis><attscale Sync="TRUE">15</attscale></attr><attr><attrlabl Sync="TRUE">_EFL_</attrlabl><attalias Sync="TRUE">_EFL_</attalias><attrtype Sync="TRUE">Double</attrtype><attwidth Sync="TRUE">19</attwidth><atprecis Sync="TRUE">18</atprecis><attscale Sync="TRUE">15</attscale></attr><attr><attrlabl Sync="TRUE">GFR_2</attrlabl><attalias Sync="TRUE">GFR_2</attalias><attrtype Sync="TRUE">Double</attrtype><attwidth Sync="TRUE">19</attwidth><atprecis Sync="TRUE">18</atprecis><attscale Sync="TRUE">15</attscale></attr><attr><attrlabl Sync="TRUE">M_200</attrlabl><attalias Sync="TRUE">M_200</attalias><attrtype Sync="TRUE">Double</attrtype><attwidth Sync="TRUE">19</attwidth><atprecis Sync="TRUE">18</atprecis><attscale Sync="TRUE">15</attscale></attr><attr><attrlabl Sync="TRUE">F_200</attrlabl><attalias Sync="TRUE">F_200</attalias><attrtype Sync="TRUE">Double</attrtype><attwidth Sync="TRUE">19</attwidth><atprecis Sync="TRUE">18</atprecis><attscale Sync="TRUE">15</attscale></attr><attr><attrlabl Sync="TRUE">_c_22</attrlabl><attalias Sync="TRUE">_c_22</attalias><attrtype Sync="TRUE">Double</attrtype><attwidth Sync="TRUE">19</attwidth><atprecis Sync="TRUE">18</atprecis><attscale Sync="TRUE">15</attscale></attr><attr><attrlabl Sync="TRUE">_c622</attrlabl><attalias Sync="TRUE">_c622</attalias><attrtype Sync="TRUE">Double</attrtype><attwidth Sync="TRUE">19</attwidth><atprecis Sync="TRUE">18</atprecis><attscale Sync="TRUE">15</attscale></attr><attr><attrlabl Sync="TRUE">RAAI1</attrlabl><attalias Sync="TRUE">RAAI1</attalias><attrtype Sync="TRUE">Double</attrtype><attwidth Sync="TRUE">19</attwidth><atprecis Sync="TRUE">18</atprecis><attscale Sync="TRUE">15</attscale></attr><attr><attrlabl Sync="TRUE">Rcf_2</attrlabl><attalias Sync="TRUE">Rcf_2</attalias><attrtype Sync="TRUE">Double</attrtype><attwidth Sync="TRUE">19</attwidth><atprecis Sync="TRUE">18</atprecis><attscale Sync="TRUE">15</attscale></attr><attr><attrlabl Sync="TRUE">NKSI_</attrlabl><attalias Sync="TRUE">NKSI_</attalias><attrtype Sync="TRUE">Double</attrtype><attwidth Sync="TRUE">19</attwidth><atprecis Sync="TRUE">18</atprecis><attscale Sync="TRUE">15</attscale></attr><attr><attrlabl Sync="TRUE">I_16_</attrlabl><attalias Sync="TRUE">I_16_</attalias><attrtype Sync="TRUE">Double</attrtype><attwidth Sync="TRUE">19</attwidth><atprecis Sync="TRUE">18</atprecis><attscale Sync="TRUE">15</attscale></attr><attr><attrlabl Sync="TRUE">E_16_</attrlabl><attalias Sync="TRUE">E_16_</attalias><attrtype Sync="TRUE">Double</attrtype><attwidth Sync="TRUE">19</attwidth><atprecis Sync="TRUE">18</atprecis><attscale Sync="TRUE">15</attscale></attr><attr><attrlabl Sync="TRUE">Noj_2</attrlabl><attalias Sync="TRUE">Noj_2</attalias><attrtype Sync="TRUE">Double</attrtype><attwidth Sync="TRUE">19</attwidth><atprecis Sync="TRUE">18</atprecis><attscale Sync="TRUE">15</attscale></attr><attr><attrlabl Sync="TRUE">EpW_2</attrlabl><attalias Sync="TRUE">EpW_2</attalias><attrtype Sync="TRUE">Double</attrtype><attwidth Sync="TRUE">19</attwidth><atprecis Sync="TRUE">18</atprecis><attscale Sync="TRUE">15</attscale></attr><attr><attrlabl Sync="TRUE">Rnr_2</attrlabl><attalias Sync="TRUE">Rnr_2</attalias><attrtype Sync="TRUE">Double</attrtype><attwidth Sync="TRUE">19</attwidth><atprecis Sync="TRUE">18</atprecis><attscale Sync="TRUE">15</attscale></attr><attr><attrlabl Sync="TRUE">MHP__</attrlabl><attalias Sync="TRUE">MHP__</attalias><attrtype Sync="TRUE">Double</attrtype><attwidth Sync="TRUE">19</attwidth><atprecis Sync="TRUE">18</atprecis><attscale Sync="TRUE">15</attscale></attr><attr><attrlabl Sync="TRUE">Np_20</attrlabl><attalias Sync="TRUE">Np_20</attalias><attrtype Sync="TRUE">Double</attrtype><attwidth Sync="TRUE">19</attwidth><atprecis Sync="TRUE">18</atprecis><attscale Sync="TRUE">15</attscale></attr><attr><attrlabl Sync="TRUE">MH_20</attrlabl><attalias Sync="TRUE">MH_20</attalias><attrtype Sync="TRUE">Double</attrtype><attwidth Sync="TRUE">19</attwidth><atprecis Sync="TRUE">18</atprecis><attscale Sync="TRUE">15</attscale></attr><attr><attrlabl Sync="TRUE">NH_20</attrlabl><attalias Sync="TRUE">NH_20</attalias><attrtype Sync="TRUE">Double</attrtype><attwidth Sync="TRUE">19</attwidth><atprecis Sync="TRUE">18</atprecis><attscale Sync="TRUE">15</attscale></attr><attr><attrlabl Sync="TRUE">_d_201</attrlabl><attalias Sync="TRUE">_d_201</attalias><attrtype Sync="TRUE">Double</attrtype><attwidth Sync="TRUE">19</attwidth><atprecis Sync="TRUE">18</atprecis><attscale Sync="TRUE">15</attscale></attr><attr><attrlabl Sync="TRUE">___20</attrlabl><attalias Sync="TRUE">___20</attalias><attrtype Sync="TRUE">Double</attrtype><attwidth Sync="TRUE">19</attwidth><atprecis Sync="TRUE">18</atprecis><attscale Sync="TRUE">15</attscale></attr><attr><attrlabl Sync="TRUE">_t_201</attrlabl><attalias Sync="TRUE">_t_201</attalias><attrtype Sync="TRUE">Double</attrtype><attwidth Sync="TRUE">19</attwidth><atprecis Sync="TRUE">18</atprecis><attscale Sync="TRUE">15</attscale></attr><attr><attrlabl Sync="TRUE">_Fm_2</attrlabl><attalias Sync="TRUE">_Fm_2</attalias><attrtype Sync="TRUE">Double</attrtype><attwidth Sync="TRUE">19</attwidth><atprecis Sync="TRUE">18</atprecis><attscale Sync="TRUE">15</attscale></attr><attr><attrlabl Sync="TRUE">_HO_2</attrlabl><attalias Sync="TRUE">_HO_2</attalias><attrtype Sync="TRUE">Double</attrtype><attwidth Sync="TRUE">19</attwidth><atprecis Sync="TRUE">18</atprecis><attscale Sync="TRUE">15</attscale></attr><attr><attrlabl Sync="TRUE">_HSR_</attrlabl><attalias Sync="TRUE">_HSR_</attalias><attrtype Sync="TRUE">Double</attrtype><attwidth Sync="TRUE">19</attwidth><atprecis Sync="TRUE">18</atprecis><attscale Sync="TRUE">15</attscale></attr><attr><attrlabl Sync="TRUE">_HPR_</attrlabl><attalias Sync="TRUE">_HPR_</attalias><attrtype Sync="TRUE">Double</attrtype><attwidth Sync="TRUE">19</attwidth><atprecis Sync="TRUE">18</atprecis><attscale Sync="TRUE">15</attscale></attr><attr><attrlabl Sync="TRUE">_AB_2</attrlabl><attalias Sync="TRUE">_AB_2</attalias><attrtype Sync="TRUE">Double</attrtype><attwidth Sync="TRUE">19</attwidth><atprecis Sync="TRUE">18</atprecis><attscale Sync="TRUE">15</attscale></attr><attr><attrlabl Sync="TRUE">_CDE_</attrlabl><attalias Sync="TRUE">_CDE_</attalias><attrtype Sync="TRUE">Double</attrtype><attwidth Sync="TRUE">19</attwidth><atprecis Sync="TRUE">18</atprecis><attscale Sync="TRUE">15</attscale></attr><attr><attrlabl Sync="TRUE">_FGH_</attrlabl><attalias Sync="TRUE">_FGH_</attalias><attrtype Sync="TRUE">Double</attrtype><attwidth Sync="TRUE">19</attwidth><atprecis Sync="TRUE">18</atprecis><attscale Sync="TRUE">15</attscale></attr><attr><attrlabl Sync="TRUE">Crk__</attrlabl><attalias Sync="TRUE">Crk__</attalias><attrtype Sync="TRUE">Double</attrtype><attwidth Sync="TRUE">19</attwidth><atprecis Sync="TRUE">18</atprecis><attscale Sync="TRUE">15</attscale></attr><attr><attrlabl Sync="TRUE">CRHB_</attrlabl><attalias Sync="TRUE">CRHB_</attalias><attrtype Sync="TRUE">Double</attrtype><attwidth Sync="TRUE">19</attwidth><atprecis Sync="TRUE">18</atprecis><attscale Sync="TRUE">15</attscale></attr><attr><attrlabl Sync="TRUE">CRESA</attrlabl><attalias Sync="TRUE">CRESA</attalias><attrtype Sync="TRUE">Double</attrtype><attwidth Sync="TRUE">19</attwidth><atprecis Sync="TRUE">18</atprecis><attscale Sync="TRUE">15</attscale></attr><attr><attrlabl Sync="TRUE">RJA_C</attrlabl><attalias Sync="TRUE">RJA_C</attalias><attrtype Sync="TRUE">Double</attrtype><attwidth Sync="TRUE">19</attwidth><atprecis Sync="TRUE">18</atprecis><attscale Sync="TRUE">15</attscale></attr><attr><attrlabl Sync="TRUE">_d__2</attrlabl><attalias Sync="TRUE">_d__2</attalias><attrtype Sync="TRUE">Double</attrtype><attwidth Sync="TRUE">19</attwidth><atprecis Sync="TRUE">18</atprecis><attscale Sync="TRUE">15</attscale></attr><attr><attrlabl Sync="TRUE">_hw_2</attrlabl><attalias Sync="TRUE">_hw_2</attalias><attrtype Sync="TRUE">Double</attrtype><attwidth Sync="TRUE">19</attwidth><atprecis Sync="TRUE">18</atprecis><attscale Sync="TRUE">15</attscale></attr><attr><attrlabl Sync="TRUE">_lp_2</attrlabl><attalias Sync="TRUE">_lp_2</attalias><attrtype Sync="TRUE">Double</attrtype><attwidth Sync="TRUE">19</attwidth><atprecis Sync="TRUE">18</atprecis><attscale Sync="TRUE">15</attscale></attr><attr><attrlabl Sync="TRUE">F__R_L</attrlabl><attalias Sync="TRUE">F__R_L</attalias><attrtype Sync="TRUE">Double</attrtype><attwidth Sync="TRUE">19</attwidth><atprecis Sync="TRUE">18</atprecis><attscale Sync="TRUE">15</attscale></attr><attr><attrlabl Sync="TRUE">F__L5_</attrlabl><attalias Sync="TRUE">F__L5_</attalias><attrtype Sync="TRUE">Double</attrtype><attwidth Sync="TRUE">19</attwidth><atprecis Sync="TRUE">18</atprecis><attscale Sync="TRUE">15</attscale></attr><attr><attrlabl Sync="TRUE">AGc_2</attrlabl><attalias Sync="TRUE">AGc_2</attalias><attrtype Sync="TRUE">Double</attrtype><attwidth Sync="TRUE">19</attwidth><atprecis Sync="TRUE">18</atprecis><attscale Sync="TRUE">15</attscale></attr><attr><attrlabl Sync="TRUE">UAAS_</attrlabl><attalias Sync="TRUE">UAAS_</attalias><attrtype Sync="TRUE">Double</attrtype><attwidth Sync="TRUE">19</attwidth><atprecis Sync="TRUE">18</atprecis><attscale Sync="TRUE">15</attscale></attr><attr><attrlabl Sync="TRUE">_w_20</attrlabl><attalias Sync="TRUE">_w_20</attalias><attrtype Sync="TRUE">Double</attrtype><attwidth Sync="TRUE">19</attwidth><atprecis Sync="TRUE">18</atprecis><attscale Sync="TRUE">15</attscale></attr><attr><attrlabl Sync="TRUE">_L4_2</attrlabl><attalias Sync="TRUE">_L4_2</attalias><attrtype Sync="TRUE">Double</attrtype><attwidth Sync="TRUE">19</attwidth><atprecis Sync="TRUE">18</atprecis><attscale Sync="TRUE">15</attscale></attr><attr><attrlabl Sync="TRUE">AAPSPS</attrlabl><attalias Sync="TRUE">AAPSPS</attalias><attrtype Sync="TRUE">Double</attrtype><attwidth Sync="TRUE">19</attwidth><atprecis Sync="TRUE">18</atprecis><attscale Sync="TRUE">15</attscale></attr><attr><attrlabl Sync="TRUE">AAPSPE</attrlabl><attalias Sync="TRUE">AAPSPE</attalias><attrtype Sync="TRUE">Double</attrtype><attwidth Sync="TRUE">19</attwidth><atprecis Sync="TRUE">18</atprecis><attscale Sync="TRUE">15</attscale></attr><attr><attrlabl Sync="TRUE">C_2014</attrlabl><attalias Sync="TRUE">C_2014</attalias><attrtype Sync="TRUE">Double</attrtype><attwidth Sync="TRUE">19</attwidth><atprecis Sync="TRUE">18</atprecis><attscale Sync="TRUE">15</attscale></attr><attr><attrlabl Sync="TRUE">Vtp_2</attrlabl><attalias Sync="TRUE">Vtp_2</attalias><attrtype Sync="TRUE">Double</attrtype><attwidth Sync="TRUE">19</attwidth><atprecis Sync="TRUE">18</atprecis><attscale Sync="TRUE">15</attscale></attr><attr><attrlabl Sync="TRUE">DF1_2</attrlabl><attalias Sync="TRUE">DF1_2</attalias><attrtype Sync="TRUE">Double</attrtype><attwidth Sync="TRUE">19</attwidth><atprecis Sync="TRUE">18</atprecis><attscale Sync="TRUE">15</attscale></attr><attr><attrlabl Sync="TRUE">_ts_2</attrlabl><attalias Sync="TRUE">_ts_2</attalias><attrtype Sync="TRUE">Double</attrtype><attwidth Sync="TRUE">19</attwidth><atprecis Sync="TRUE">18</atprecis><attscale Sync="TRUE">15</attscale></attr><attr><attrlabl Sync="TRUE">Cp_201</attrlabl><attalias Sync="TRUE">Cp_201</attalias><attrtype Sync="TRUE">Double</attrtype><attwidth Sync="TRUE">19</attwidth><atprecis Sync="TRUE">18</atprecis><attscale Sync="TRUE">15</attscale></attr><attr><attrlabl Sync="TRUE">APTA_</attrlabl><attalias Sync="TRUE">APTA_</attalias><attrtype Sync="TRUE">Double</attrtype><attwidth Sync="TRUE">19</attwidth><atprecis Sync="TRUE">18</atprecis><attscale Sync="TRUE">15</attscale></attr><attr><attrlabl Sync="TRUE">_tb_2</attrlabl><attalias Sync="TRUE">_tb_2</attalias><attrtype Sync="TRUE">Double</attrtype><attwidth Sync="TRUE">19</attwidth><atprecis Sync="TRUE">18</atprecis><attscale Sync="TRUE">15</attscale></attr><attr><attrlabl Sync="TRUE">TM_20</attrlabl><attalias Sync="TRUE">TM_20</attalias><attrtype Sync="TRUE">Double</attrtype><attwidth Sync="TRUE">19</attwidth><atprecis Sync="TRUE">18</atprecis><attscale Sync="TRUE">15</attscale></attr></detailed></eainfo><mdDateSt Sync="TRUE">20230323</mdDateSt></metadata>
